seasons,Total_sales,total_revenue
winter,12128,199654.05000000042
spring,12740,210536.65000000055
summer,12667,209066.35000000036
autumn,12039,198603.00000000032
