dayname,revenue
Friday,136073.8999999995
Monday,107329.54999999958
Saturday,123182.3999999995
Sunday,99203.49999999967
Thursday,123528.49999999945
Tuesday,114133.79999999958
Wednesday,114408.39999999946
